{"is_source_file": false, "format": "", "description": "", "external_files": [], "external_methods": [], "published": [], "classes": [], "methods": [], "calls": [], "search-terms": [], "state": 2, "file_id": 5, "knowledge_revision": 17, "git_revision": "90c0acba3480bc5387bb57f9c3ed00a5a9a42f37", "hash": "22f9e17cc1848b56dbb244518ac2707e", "format-version": 4, "code-base-name": "food_delivery_frontend", "filename": "food_delivery_frontend/src/App.css", "revision_history": [{"17": "90c0acba3480bc5387bb57f9c3ed00a5a9a42f37"}]}