{"is_source_file": false, "format": "", "description": "", "external_files": [], "external_methods": [], "published": [], "classes": [], "methods": [], "calls": [], "search-terms": [], "state": 2, "file_id": 13, "knowledge_revision": 27, "git_revision": "dc1278cbb53c07cab986ee242af022a44d9857ad", "hash": "61ef14a9780590487a39b4e28c74e95a", "format-version": 4, "code-base-name": "food_delivery_frontend", "filename": "food_delivery_frontend/tmp_backend_openapi.json", "revision_history": [{"27": "dc1278cbb53c07cab986ee242af022a44d9857ad"}]}