{"is_source_file": false, "format": "", "description": "", "external_files": [], "external_methods": [], "published": [], "classes": [], "methods": [], "calls": [], "search-terms": [], "state": 2, "file_id": 3, "knowledge_revision": 16, "git_revision": "90c0acba3480bc5387bb57f9c3ed00a5a9a42f37", "hash": "d001d53c059625c4bcf75bf5a7f3fcf0", "format-version": 4, "code-base-name": "food_delivery_frontend", "filename": "food_delivery_frontend/package.json", "revision_history": [{"16": "90c0acba3480bc5387bb57f9c3ed00a5a9a42f37"}]}