{"is_source_file": true, "format": "JavaScript (React JSX)", "description": "This file defines a React functional component named 'App' which manages a theme toggle between light and dark modes. It includes state management with useState, side effects with useEffect, and UI elements such as a toggle button, logo image, and instructional text.", "external_files": ["./logo.svg", "./App.css"], "external_methods": ["React.useState", "React.useEffect"], "published": ["App"], "classes": [], "methods": [{"name": "App()", "description": "Main React functional component that renders the application's UI and manages theme state.", "scope": "", "scopeKind": ""}, {"name": "toggleTheme", "description": "Function to toggle the theme state between light and dark modes."}], "calls": ["document.documentElement.setAttribute", "setTheme", "prevTheme => prevTheme === 'light' ? 'dark' : 'light'", "React.useState", "React.useEffect"], "search-terms": ["React functional component", "theme toggle", "useState", "useEffect", "App.js"], "state": 2, "file_id": 8, "knowledge_revision": 25, "git_revision": "90c0acba3480bc5387bb57f9c3ed00a5a9a42f37", "ctags": [{"_type": "tag", "name": "App", "path": "/home/kavia/workspace/code-generation/gourmet-delivery-platform-203458-203469/food_delivery_frontend/src/App.js", "pattern": "/^function App() {$/", "language": "JavaScript", "kind": "function", "signature": "()"}, {"_type": "tag", "name": "Switch to ${theme === 'light' ? 'dark' : 'light'} mode", "path": "/home/kavia/workspace/code-generation/gourmet-delivery-platform-203458-203469/food_delivery_frontend/src/App.js", "pattern": "/^          aria-label={`Switch to ${theme === 'light' ? 'dark' : 'light'} mode`}$/", "language": "JavaScript", "kind": "field", "scope": "App.aria", "scopeKind": "class"}, {"_type": "tag", "name": "toggleTheme", "path": "/home/kavia/workspace/code-generation/gourmet-delivery-platform-203458-203469/food_delivery_frontend/src/App.js", "pattern": "/^          onClick={toggleTheme}$/", "language": "JavaScript", "kind": "field", "scope": "App.onClick", "scopeKind": "class"}], "hash": "b55dd9e6a018e59207d8e277dffd9e11", "format-version": 4, "code-base-name": "food_delivery_frontend", "filename": "food_delivery_frontend/src/App.js", "fields": [{"name": "aria-label={`Switch to ${theme === 'light' ? 'dark' : 'light'} mode`}", "scope": "App.aria", "scopeKind": "class", "description": "unavailable"}, {"name": "onClick={toggleTheme}", "scope": "App.onClick", "scopeKind": "class", "description": "unavailable"}], "revision_history": [{"25": "90c0acba3480bc5387bb57f9c3ed00a5a9a42f37"}]}