{"is_source_file": false, "format": "", "description": "", "external_files": [], "external_methods": [], "published": [], "classes": [], "methods": [], "calls": [], "search-terms": [], "state": 2, "file_id": 7, "knowledge_revision": 20, "git_revision": "90c0acba3480bc5387bb57f9c3ed00a5a9a42f37", "ctags": [], "hash": "1a77571e1a8cf36018a41bcedf60db75", "format-version": 4, "code-base-name": "food_delivery_frontend", "filename": "food_delivery_frontend/src/setupTests.js", "revision_history": [{"20": "90c0acba3480bc5387bb57f9c3ed00a5a9a42f37"}]}