{"is_source_file": false, "format": "", "description": "", "external_files": [], "external_methods": [], "published": [], "classes": [], "methods": [], "calls": [], "search-terms": [], "state": 2, "file_id": 11, "knowledge_revision": 21, "git_revision": "90c0acba3480bc5387bb57f9c3ed00a5a9a42f37", "hash": "be6538e7523bc2e9da0743133d784136", "format-version": 4, "code-base-name": "food_delivery_frontend", "filename": "food_delivery_frontend/eslint.config.mjs", "revision_history": [{"21": "90c0acba3480bc5387bb57f9c3ed00a5a9a42f37"}]}