{"is_source_file": true, "format": "JavaScript (React / JSX)", "description": "This file is the main entry point for a React-based frontend application, responsible for rendering the root React component into the DOM.", "external_files": ["./index.css", "./App"], "external_methods": ["ReactDOM.createRoot", "ReactDOM.render"], "published": [], "classes": [], "methods": [{"name": "ReactDOM.createRoot", "description": "Creates a root React DOM node for rendering the React application."}, {"name": "root.render", "description": "Renders the React component tree into the DOM."}], "calls": ["ReactDOM.createRoot", "root.render", "React.StrictMode", "App"], "search-terms": ["index.js", "ReactDOM", "createRoot", "React.StrictMode", "App"], "state": 2, "file_id": 4, "knowledge_revision": 23, "git_revision": "90c0acba3480bc5387bb57f9c3ed00a5a9a42f37", "ctags": [{"_type": "tag", "name": "root", "path": "/home/kavia/workspace/code-generation/gourmet-delivery-platform-203458-203469/food_delivery_frontend/src/index.js", "pattern": "/^const root = ReactDOM.createRoot(document.getElementById('root'));$/", "language": "JavaScript", "kind": "constant"}], "hash": "9fc5841375336fc175b49f8767a11383", "format-version": 4, "code-base-name": "food_delivery_frontend", "filename": "food_delivery_frontend/src/index.js", "revision_history": [{"23": "90c0acba3480bc5387bb57f9c3ed00a5a9a42f37"}]}