{"is_source_file": false, "format": "", "description": "", "external_files": [], "external_methods": [], "published": [], "classes": [], "methods": [], "calls": [], "search-terms": [], "state": 2, "file_id": 1, "knowledge_revision": 14, "git_revision": "90c0acba3480bc5387bb57f9c3ed00a5a9a42f37", "hash": "d9d975cebe2ec20b6c652e1e4c12ccf0", "format-version": 4, "code-base-name": "food_delivery_frontend", "filename": "food_delivery_frontend/public/manifest.json", "revision_history": [{"14": "90c0acba3480bc5387bb57f9c3ed00a5a9a42f37"}]}