{"is_source_file": false, "format": "", "description": "", "external_files": [], "external_methods": [], "published": [], "classes": [], "methods": [], "calls": [], "search-terms": [], "state": 2, "file_id": 3, "knowledge_revision": 28, "git_revision": "dc1278cbb53c07cab986ee242af022a44d9857ad", "revision_history": [{"16": "90c0acba3480bc5387bb57f9c3ed00a5a9a42f37"}, {"28": "dc1278cbb53c07cab986ee242af022a44d9857ad"}], "hash": "ff8a8c816abae129c5b63ef7ea8e5c0a", "format-version": 4, "code-base-name": "food_delivery_frontend", "filename": "food_delivery_frontend/package.json"}