{"is_source_file": false, "format": "", "description": "", "external_files": [], "external_methods": [], "published": [], "classes": [], "methods": [], "calls": [], "search-terms": [], "state": 2, "file_id": 2, "knowledge_revision": 15, "git_revision": "90c0acba3480bc5387bb57f9c3ed00a5a9a42f37", "hash": "d2b40d02d5f7873d8a6713bad837edd4", "format-version": 4, "code-base-name": "food_delivery_frontend", "filename": "food_delivery_frontend/public/index.html", "revision_history": [{"15": "90c0acba3480bc5387bb57f9c3ed00a5a9a42f37"}]}