{"is_source_file": false, "format": null, "description": "", "external_files": [], "external_methods": [], "published": [], "classes": [], "methods": [], "calls": [], "search-terms": [], "state": 2, "file_id": 10, "knowledge_revision": 22, "git_revision": "90c0acba3480bc5387bb57f9c3ed00a5a9a42f37", "hash": "ebece526bc2eadd78ddd787a76c56607", "format-version": 4, "code-base-name": "food_delivery_frontend", "filename": "food_delivery_frontend/README.md", "revision_history": [{"22": "90c0acba3480bc5387bb57f9c3ed00a5a9a42f37"}]}