{"is_source_file": false, "format": "", "description": "", "external_files": [], "external_methods": [], "published": [], "classes": [], "methods": [], "calls": [], "search-terms": [], "state": 2, "file_id": 9, "knowledge_revision": 18, "git_revision": "90c0acba3480bc5387bb57f9c3ed00a5a9a42f37", "hash": "6c2104b8d219ed99234ae2d6329f4357", "format-version": 4, "code-base-name": "food_delivery_frontend", "filename": "food_delivery_frontend/src/index.css", "revision_history": [{"18": "90c0acba3480bc5387bb57f9c3ed00a5a9a42f37"}]}