{"is_source_file": false, "format": "", "description": "", "external_files": [], "external_methods": [], "published": [], "classes": [], "methods": [], "calls": [], "search-terms": [], "state": 2, "file_id": 12, "knowledge_revision": 19, "git_revision": "b6bd43272c7ab07dccbdde10b09d264e54bbc1f9", "hash": "37fd824b60dc4a5c3a570a9d830932ff", "format-version": 4, "code-base-name": "food_delivery_frontend", "filename": "README.md", "revision_history": [{"19": "b6bd43272c7ab07dccbdde10b09d264e54bbc1f9"}]}